<?xml version="1.0" encoding="UTF-8"?>
<project-private xmlns="http://www.netbeans.org/ns/project-private/1">
    <editor-bookmarks xmlns="http://www.netbeans.org/ns/editor-bookmarks/2" lastBookmarkId="0"/>
    <open-files xmlns="http://www.netbeans.org/ns/projectui-open-files/2">
        <group>
            <file>file:/C:/xampp/htdocs/stoly/bootstrap-3.3.5-dist/js/bootstrap.js</file>
            <file>file:/C:/xampp/htdocs/stoly/db_conf.php</file>
            <file>file:/C:/xampp/htdocs/stoly/bootstrap-3.3.5-dist/js/npm.js</file>
            <file>file:/C:/xampp/htdocs/stoly/bootstrap-3.3.5-dist/js/bootstrap.min.js</file>
            <file>file:/C:/xampp/htdocs/stoly/index.php</file>
        </group>
    </open-files>
</project-private>
